Name,Elo,Wins,Losses,MatchesPlayed
Melzer J.,617.7345652153048,289,266,555
Spadea V.,415.97685986500653,112,126,238
Dent T.,583.7043152958714,80,78,158
Horna L.,501.94172038110503,85,94,179
Ancic M.,747.7990239572955,172,94,266
Martin A.,488.4722981574949,101,148,249
Beck K.,392.42570645139665,48,80,128
Vahaly B.,401.69581826522034,3,13,16
Moodie W.,543.0369611251376,38,51,89
Nieminen J.,530.3523877427207,281,263,544
Arthurs W.,540.4458716324667,38,48,86
Karlovic I.,494.9088314053328,340,310,650
Elsner D.,461.6899521106468,3,6,9
Sanguinetti D.,441.2061415608005,49,75,124
Lapentti N.,509.1848042677093,57,85,142
Labadze I.,453.1443058405055,19,30,49
Benneteau J.,651.6139476381024,256,276,532
Hrbaty D.,449.85337403563403,115,108,223
Clement A.,509.6296792082101,124,159,283
Hanescu V.,557.3320802082667,160,200,360
Burgsmuller L.,365.52208431910185,18,47,65
Llodra M.,633.2444621464384,153,151,304
Saulnier C.,484.96563894790205,48,58,106
Ginepri R.,541.7240886176425,144,154,298
Canas G.,507.48977569265264,118,82,200
Sluiter R.,480.9528306379471,36,55,91
Rusedski G.,542.5156194438221,57,50,107
Wawrinka S.,590.7534849684235,532,331,863
Ferreira W.,476.94925506444685,12,15,27
Reid T.,453.1666039325716,11,14,25
Verdasco F.,428.7777443805618,519,418,937
Ferrer D.,671.4902923364664,649,325,974
Levy H.,344.5947142293649,6,22,28
Portas A.,452.2541325002543,16,37,53
Blanco G.,383.99911370197304,7,19,26
van Lottum J.,400.48288628964974,3,12,15
Andreev I.,538.4314970183711,209,204,413
Ramirez-Hidalgo R.,352.33381599306733,61,116,177
Mankad H.,451.07759280277105,0,3,3
Amritraj P.,480.6150208940528,11,16,27
Dupuis A.,471.32355440108716,28,39,67
Popp A.,424.87709846046886,15,28,43
Mutis O.,412.4322629114386,7,16,23
Goldstein P.,498.4783977576572,39,51,90
Lisnard J.R.,377.3255062221072,13,40,53
Pless K.,385.88519100158044,12,38,50
Montanes A.,563.3855411172682,205,230,435
Srichaphan P.,576.3608888283441,97,89,186
Schalken S.,520.1649324067231,24,23,47
Udomchoke D.,310.39468898117104,14,49,63
Rastogi K.,467.29519489836684,1,4,5
Knowle J.,461.97858355222985,3,7,10
Moya C.,552.1817269645172,184,110,294
Okun N.,404.86637045125764,8,18,26
Vacek J.,449.7848001374362,7,16,23
Mantilla F.,517.4199077000459,29,32,61
Robredo T.,531.9628801778814,403,263,666
Tursunov D.,531.6278779315602,208,195,403
Nadal R.,919.963032092548,997,197,1194
Ascione T.,342.57665298068633,17,46,63
Carlsen K.,480.5185000826172,43,63,106
Khalfan S.,471.4480896760847,0,2,2
Heuberger I.,438.2974323019634,9,16,25
Sargsian S.,404.08532057438265,19,36,55
Carraz G.,382.3150725432851,17,29,46
Schuettler R.,479.2760188787874,107,160,267
Youzhny M.,471.01124761182643,382,305,687
Ulihrach B.,394.5041932835973,11,28,39
Kiefer N.,685.5211517857707,127,80,207
Enqvist T.,433.9161518328888,19,31,50
Arazi H.,449.8600070205232,13,19,32
Henman T.,567.8715968907834,98,70,168
Sanchez D.,438.461311227839,27,41,68
Hantschk M.,484.0,0,1,1
Grosjean S.,500.61001036454627,103,89,192
Chela J.I.,488.7557689910794,190,181,371
Rochus O.,487.93996972866006,154,180,334
Volandri F.,348.64670694803016,142,179,321
Calleri A.,471.74299247481053,112,106,218
Soderling R.,989.7671490242078,268,146,414
Gambill J.M.,432.85772282040705,23,36,59
Massu N.,427.38442939990654,107,123,230
Ljubicic I.,657.4987898338563,283,165,448
Escude N.,587.508864382432,15,7,22
El Aynaoui Y.,510.7507288874994,9,17,26
Davydenko N.,588.9178106291946,411,229,640
Roddick A.,831.0052848353665,401,128,529
Koubek S.,532.2153890930174,74,93,167
Philippoussis M.,586.1294687979173,28,33,61
Bjorkman J.,523.1854324857951,72,92,164
Lee H.T.,527.0817120419777,70,86,156
Malisse X.,573.9541197874023,172,161,333
Novak J.,563.4174849693277,68,55,123
Gonzalez F.,657.2867281622387,236,126,362
Coria G.,555.637777318553,95,51,146
Santoro F.,557.4648735482332,105,109,214
Gaudio G.,442.36585524453596,115,84,199
Stepanek R.,689.6114222225059,308,227,535
Kohlschreiber P.,540.8320418791169,424,342,766
Muller G.,556.6407009311107,192,196,388
Corretja A.,395.9117383151771,12,24,36
Kuerten G.,404.13744051863216,27,30,57
Nielsen M.,462.4511977951528,0,3,3
Hemmes F.,500.7024671725246,1,1,2
Rea S.,483.263693206478,0,1,1
Martin T.,453.63562784990984,10,15,25
Hewitt L.,572.6777335060746,285,150,435
Johansson J.,674.0065385246342,65,39,104
Blake J.,562.4261695762328,258,170,428
Mirnyi M.,491.2060828329712,80,95,175
Verkerk M.,431.42022674655936,21,25,46
Kucera V.,500.0339081301692,1,1,2
Lopez F.,415.7006891240663,420,411,831
Fish M.,781.3349241767314,224,149,373
Bogomolov A.,499.43972747033973,59,87,146
Ferrero J.,467.36060303397176,0,2,2
Guccione C.,454.59101517246756,30,53,83
Costa A.,483.7656566891967,31,41,72
Jones A.,463.48678826048666,2,7,9
Patience O.,384.3199600332878,26,50,76
Hernandez O.,403.4246026256428,60,114,174
Golmard J.,487.6837993281028,3,4,7
Acasuso J.,637.4990471190006,136,120,256
Behrend T.,373.98216291509505,16,35,51
Mahut N.,610.0192416114002,172,204,376
Berdych T.,714.6652586871946,575,309,884
Saretta F.,468.44756169116005,25,35,60
Miranda I.,484.10686246518446,1,2,3
Safin M.,646.5444250324308,164,118,282
Larkham T.,484.0,0,1,1
Agassi A.,745.6853573988074,82,32,114
Kutsenko V.,485.31208639965564,0,1,1
van Scheppingen D.,427.9723662954008,8,17,25
Morrison J.,421.7458595833954,19,29,48
Federer R.,997.8607799123852,962,160,1122
Karanusic R.,400.942548770183,11,34,45
Tabara M.,435.28783535140485,7,14,21
Nalbandian D.,747.6250424578736,262,123,385
Mello R.,424.4059544083721,43,77,120
Gasquet R.,473.3002235803571,570,364,934
Mayer F.,480.70004973780107,218,234,452
Kucera K.,462.4000725521108,11,16,27
Luczak P.,422.45885020161126,31,70,101
Salzenstein J.,413.71799127996735,6,16,22
Weiner G.,419.8033094332177,7,14,21
Pavel A.,457.5652869041043,72,86,158
de Chaunac S.,395.7248294961087,3,14,17
Rochus C.,350.17569452484014,60,114,174
Ferrero J.C.,649.1111018001505,226,151,377
Johansson T.,549.7980525907794,108,98,206
Santopadre V.,484.80551349276004,0,1,1
Ivanisevic G.,460.42722548160907,4,9,13
Seppi A.,498.28703140455974,347,391,738
Bracciali D.,477.87075673447924,29,48,77
Bohli S.,379.1042014945434,2,18,20
Galimberti G.,465.01588768860466,1,3,4
Kendrick R.,432.16938395507924,29,66,95
Hippensteel K.,470.67701687725884,1,3,4
Vliegen K.,420.7102713992228,74,101,175
Reichel A.,482.5625781841652,0,1,1
Mamiit C.,489.1491200577499,3,4,7
Fleishman Z.,457.2199114987529,5,13,18
Zabaleta M.,501.22006158373216,56,53,109
Vassallo-Arguello M.,395.1440901527169,43,72,115
Cermak F.,482.8477720599935,4,6,10
Garcia A.,359.2126795994133,7,19,26
Capdeville P.,377.83352004381874,34,64,98
Squillari F.,511.7337872556107,10,9,19
Marin J.A.,371.916201644895,6,19,25
Hormazabal G.,466.70274958542603,0,2,2
Gamonal H.,483.52903219417806,0,1,1
Monaco J.,667.6834324126839,306,241,547
Lopez M.,421.38249756671297,11,21,32
Moyano D.,482.53204341027856,0,1,1
Lapentti G.,400.6669453519303,6,18,24
Delic A.,472.66280084981105,23,48,71
Haas T.,590.9366387276929,297,173,470
Niemeyer F.,474.3823006031604,3,9,12
Bryan B.,484.67757168954324,0,1,1
Taino E.,473.40847049898946,1,3,4
Baker B.,513.439333926708,20,33,53
Cakl T.,428.26453098170947,3,9,12
Ferreiro F.,500.76386625699797,2,3,5
Braga P.,482.02277117422,0,1,1
Rosset M.,453.15062522636373,4,8,12
Norman D.,408.6591840982365,9,27,36
Hernandez A.,463.2692392554759,1,4,5
Gallardo M.,467.73659377991913,0,2,2
Dell'Acqua M.,471.035370525743,1,4,5
Al Ghareeb M.,466.559669408137,0,5,5
Bahrouzyan O.,462.83521930902185,0,3,3
Zib T.,392.94179376957896,27,60,87
Evans B.,443.9768984150823,6,15,21
Phillips T.,484.2654502424824,0,1,1
Marcaccio G.,488.06126710701005,2,3,5
Allegro Y.,485.2289549210084,0,1,1
Larose S.,485.6017093769421,1,2,3
Browne F.,500.01085126816497,1,1,2
Hernych J.,592.2959002736543,74,111,185
Boutter J.,430.8062649870617,0,5,5
Mazarakis V.,468.19394807261847,0,3,3
Savolt A.,466.7667173107072,0,2,2
Tavares L.,489.95390703750195,1,2,3
Rocha D.,516.0,1,0,1
Vanek J.,424.91294650271334,34,70,104
Odesnik W.,508.67733742874907,40,55,95
Robert S.,446.43468051189086,37,75,112
Faurel J.C.,456.87253886830285,2,7,9
Veronelli D.,483.3883846571161,0,1,1
Peya A.,360.5116835339517,14,40,54
Garcia-Lopez G.,505.22225259902217,286,346,632
Burniol G.,471.2851924269417,0,2,2
Almagro N.,656.498805457858,370,257,627
Vicente F.,313.55329966195984,11,33,44
Eschauer W.,361.491532325041,8,25,33
Matos-Gil I.,474.51812305050925,0,2,2
Calatrava A.,399.8070207844824,12,27,39
Devilder N.,415.3432803609826,21,47,68
Lisnard J.,446.64099924155744,1,4,5
Vico U.,464.25184499406606,2,5,7
Chela J.,523.3632245375146,3,2,5
Perez D.,464.58900472750986,0,2,2
Navarro S.,482.2546928984212,0,1,1
Waske A.,439.93046454689994,21,38,59
Pashanski B.,423.27046054437966,22,47,69
Kratochvil M.,442.6068327116721,5,9,14
Kindlmann D.,422.4272245210835,1,11,12
di Mauro A.,389.3716106999379,14,34,48
Pescosolido S.,462.7337788524405,1,4,5
Abel M.,482.7525292143729,0,1,1
Elseneer G.,393.81834922944466,6,16,22
Tahiri M.,472.023449495512,1,3,4
Sabau R.,360.60190914033336,9,25,34
Ventura S.,398.21612801468933,37,57,94
Vagnozzi S.,476.8567246849228,3,7,10
Guzman J.P.,414.21959491870086,6,14,20
El Aarej M.,466.4439069747599,0,2,2
Krajan Z.,492.92220218988064,1,2,3
di Pasquale A.,415.86321294280367,2,9,11
Rehnquist B.,472.95110939175044,3,8,11
Koellerer D.,455.0349440158506,19,31,50
Armando H.,474.40773364104035,9,15,24
Stoppini A.,480.117243064937,3,8,11
Zimonjic N.,481.95433150660716,2,5,7
Serra F.,424.38216827625035,115,166,281
Haehnel J.,397.479859676082,8,18,26
Jeanpierre J.,522.055884173602,3,2,5
Gicquel M.,463.0051972064456,88,107,195
Voltchkov V.,477.51693621611946,2,4,6
Tipsarevic J.,557.6799583440088,233,212,445
Starace P.,534.1880966475239,140,175,315
Kim K.,368.5015180789611,36,80,116
Falla A.,507.4689946617466,90,153,243
Prinosil D.,485.42547723273645,0,1,1
Chiudinelli M.,436.12218937224884,44,81,125
Berrer M.,468.2669042795992,81,138,219
Marray J.,472.4401921553437,4,7,11
Dancevic F.,487.7967404048583,51,81,132
Parmar A.,471.0266171822169,3,7,10
Whitehouse W.,498.32545483444613,4,5,9
Delgado J.,478.90679453763465,3,6,9
Lu Y.H.,561.0498898323345,136,193,329
Ancic I.,521.3661471795733,2,1,3
Flanagan I.,516.6404559692576,2,1,3
Suzuki T.,542.7497965725904,8,9,17
Bastl G.,418.2080358529019,10,25,35
Kohlmann M.,496.8118418408441,6,7,13
Wessels P.,509.43291147817104,12,17,29
Scherrer J.C.,472.0940486842907,1,3,4
Petzschner P.,567.8214831513654,81,96,177
Qureshi A.,497.6990524504164,4,6,10
Childs L.,452.94244913174447,0,3,3
Bogdanovic A.,406.975568019606,8,21,29
Fitz S.,485.0377886757797,0,1,1
Bloomfield R.,451.16358215010587,4,11,15
Navarro-Pastor I.,443.72367919660087,33,65,98
Sa A.,457.71922178734843,1,4,5
Delgado R.,429.5334344701914,7,17,24
Hilton M.,487.52177355237814,1,2,3
Ram A.,448.11462211035814,1,5,6
Wang Y.T.,485.5726163052778,13,26,39
Hellstrom M.,484.7069182519355,0,1,1
Gabashvili T.,459.1728919514693,104,190,294
Verdasco M.,505.9625982516706,1,1,2
Eleskovic E.,455.89787547590385,2,7,9
Gimelstob J.,409.6936094238775,23,44,67
Ram R.,503.8373210804489,54,88,142
Mertinak M.,433.72811097381134,4,9,13
van der Meer N.,484.4421637116474,0,1,1
van Gemerden M.,465.80232260249716,3,6,9
Przysiezny M.,397.4189483059371,17,57,74
Thomann N.,442.76620100164286,2,8,10
Cook L.,483.28117129216656,0,1,1
Phau B.,517.6450150718902,67,114,181
Beck A.,408.7596750497654,37,60,97
Andersen J.F.,480.69913938661796,1,2,3
Rieschick S.,468.7000989895042,1,3,4
de Voest R.,485.5464208490159,9,15,24
Lu Y.,415.2257370751744,1,10,11
Mathieu P.H.,471.27499850895475,219,231,450
Ager J.,484.0,0,1,1
Schukin Y.,511.00228629654185,12,17,29
Schiessling T.,483.11559591016373,0,1,1
Minar I.,457.05168106332764,30,61,91
Gimeno D.,487.1445731361115,0,1,1
Tuksar S.,439.69224382240805,0,5,5
Djokovic N.,1093.5590776491163,1027,193,1220
Nestor D.,485.2102011143076,0,1,1
Urban F.,483.30767618549595,0,1,1
Kubot L.,513.4419615291631,79,118,197
Baghdatis M.,598.4127335866377,311,248,559
Reynolds B.,430.8742179951683,27,70,97
Jenkins S.,432.0592495929214,5,15,20
Ketola T.,478.42810901442533,1,2,3
Benneteau A.,482.9271010626042,0,1,1
Baccanello P.,467.01166362359584,1,4,5
Zhu B.Q.,479.81984798654554,1,2,3
Healey N.,452.6196319295852,4,11,15
Wang Y.,459.6285962723929,0,3,3
Tsonga J.W.,602.5794737628514,428,213,641
Lu H.,502.4808057516566,1,1,2
Ionita V.,454.64999289273857,0,3,3
Bohane A.,484.0222259131181,0,1,1
Pedroso A.,486.24118257847795,0,1,1
Widom T.,527.1612142769948,5,5,10
Boeker M.,484.1142561626209,1,3,4
Crabb J.,481.5321517790777,0,1,1
Wassen R.,500.60628705269596,1,1,2
Iwabuchi S.,429.7001786384153,2,7,9
Aldi F.,439.5329353161972,1,6,7
Gimeno-Traver D.,482.6271919711701,87,165,252
Puerta M.,557.4027004556685,37,26,63
Zeng S.X.,484.4445615249648,1,4,5
Roger-Vasselin E.,547.3065235774361,77,120,197
Klec I.,424.2824059226054,1,7,8
Motomura G.,456.06098303458,2,5,7
Iwami T.,466.2319490131351,0,2,2
Terachi T.,480.7397780743922,2,3,5
Simon G.,612.8881093601534,479,364,843
Monfils G.,790.2833973550274,537,301,838
Kunitsyn I.,389.26775248519675,81,142,223
Stakhovsky S.,507.0921384057601,140,180,320
Stoliarov A.,487.0758760692695,0,1,1
Gruber K.,485.4148549643749,0,1,1
Rascon T.,484.4011632787765,0,1,1
Elgin M.,458.9254403551664,2,7,9
Settergren J.,483.0535476209214,0,1,1
Ryderstedt M.,462.9421038247231,7,12,19
Kimmich M.,469.91601841019985,0,3,3
Abdulla M.,486.02682170307315,0,1,1
Luzzi F.,448.97865302207106,5,12,17
Bourgeois L.,476.69854877293466,0,2,2
Nunez E.,483.16982992017444,0,1,1
Sun P.,451.5782644259558,1,4,5
Blake T.,482.5348789098834,0,1,1
Mackin A.,394.33989389817094,0,9,9
Parada F.,476.13872330859317,0,2,2
Harboe P.,486.1886204151313,0,1,1
Massa E.,486.0885728351274,7,8,15
Young D.,500.95264992197224,114,185,299
Silva J.,450.185688060241,1,6,7
Dailey Z.,484.1111549344658,0,1,1
Minar J.,480.8773693421431,0,3,3
Kuznetsov A.,384.81240630392796,5,20,25
Tecau H.,485.5779028547348,0,1,1
Fogues F.,493.9124523016947,1,2,3
Murray A.,591.3778041724719,675,254,929
Machado R.,375.4593199158762,12,37,49
Condor F.,480.51488849201183,0,1,1
Summerer T.,425.89329023583696,1,8,9
Mathieu P.,477.35782437903913,0,3,3
Mirnegg M.,487.0991289784935,0,1,1
Daniel M.,357.87813745036306,18,54,72
Vik R.,406.5772771320168,18,35,53
Sela D.,585.26772885675,116,165,281
Brzezicki J.P.,406.26998065275257,6,17,23
Dlouhy L.,424.66531943161203,19,47,66
Tenconi T.,486.3161457293401,0,1,1
Draper S.,472.1156109128806,0,3,3
Goodall J.,396.69731076179096,1,11,12
Uebel L.,494.3497813981629,0,1,1
Gremelmayr D.,462.8763190277889,30,52,82
Klein T.,484.43487260867437,0,1,1
Logtens P.,490.0810661352028,0,1,1
Rettenmaier T.,504.6986489797946,2,2,4
Sherwood D.,500.8672864537178,1,1,2
Vinciguerra A.,498.3012684429409,6,10,16
Fraile G.,405.54019379774553,0,7,7
Pospisil J.,450.51456410499054,1,7,8
Lammer M.,461.3489585075262,5,15,20
Oudsema S.,471.15972664380587,1,4,5
Vemic D.,458.2283710448351,5,10,15
Wilson B.,456.3578766554148,1,4,5
Mergea F.,498.41163424307115,1,1,2
Roitman S.,360.97433462497924,21,55,76
Zitko R.,482.4852957569773,0,1,1
Korteling S.,486.48317082000943,0,1,1
Washington M.,481.55485928070925,0,1,1
Thron A.,471.74179709813114,0,2,2
Greul S.,526.0495499488334,43,71,114
Berlocq C.,465.7581868367623,120,175,295
Marach O.,418.7658807919827,14,26,40
Hadad A.,499.7286270233901,2,2,4
Cilic M.,701.8128499349904,531,313,844
Bozoljac I.,436.9013519608648,8,17,25
Chadaj A.,498.4496488960356,1,1,2
Fyrstenberg M.,476.91248609813715,0,2,2
Smeets R.,447.3727608583467,1,8,9
Simmonds P.,472.85562182967163,0,3,3
Clayton A.,481.86613401374393,0,1,1
Bester P.,449.7372494303086,0,5,5
Steckley R.,481.2045735499452,0,1,1
Gregorc L.,538.6980904419069,6,7,13
Wang Y. Jr,498.68006827865554,1,1,2
Matsui T.,515.0408216869972,2,2,4
Crivoi V.,399.04490831862057,12,28,40
Fruttero J.P.,483.1857085423052,0,1,1
Chen T.,465.508401543428,0,3,3
Do M.Q.,482.0487181439785,0,1,1
Soeda G.,461.5036428700903,29,76,105
Naso G.,406.8818491017698,2,11,13
Sanchez de Luna J.A.,488.20660501713206,0,1,1
Fognini F.,567.1052822245456,385,362,747
Ittogi T.,481.12880841157886,0,1,1
Kirillov E.,477.410074342758,0,2,2
Ledovskikh M.,421.2386538029324,3,12,15
Eitzinger R.,487.0994506179095,3,6,9
Davletshin V.,486.0553039027198,0,1,1
Lorenzi P.,436.0042986386736,101,177,278
Junaid R.,474.44399423896374,0,2,2
Uppal V.,479.9010919833898,0,1,1
Bopanna R.,457.98421474632966,5,13,18
Sultan-Khalfan A.,487.33695372654927,0,1,1
King-Turner D.,426.49628311072564,0,6,6
Istomin D.,521.3541094099443,185,228,413
Adaktusson J.,486.63907011596405,0,1,1
Snobel P.,467.0398878977414,0,3,3
Cuadrado C.,519.0507513224939,3,2,5
Del Potro J.M.,931.3338910036842,399,153,552
Aguilar J.,481.289712149023,1,4,5
Prodon E.,350.52248482601055,0,15,15
Korolev E.,523.5767842957304,67,86,153
Sidorenko A.,471.6854186633822,4,8,12
Querry S.,460.05115169285045,2,5,7
Warburg S.,460.02399955971583,4,10,14
Ghem A.,465.42502855464176,2,5,7
Van der Dium A.,479.1101377515155,0,1,1
Meffert D.,481.1605966725333,4,8,12
Gallardo Valles M.,493.22353855732734,0,1,1
Gonzalez S.,439.0124438521246,1,7,8
Witten J.,474.9084891893172,2,8,10
Balleret B.,470.4001030153872,2,8,10
Galvani S.,416.49333788857706,8,19,27
Granollers-Pujol M.,488.6898108405301,0,1,1
Salva B.,425.10384620671186,0,5,5
Ouahab L.,481.6150253529467,5,10,15
Peric T.,485.115917737801,0,1,1
Saoudi S.,489.8982065342792,1,2,3
Chardy J.,607.8518465043387,278,298,576
Gil F.,538.4578407586123,47,65,112
Luque D.,484.0,0,1,1
Azzaro L.,456.8376338640454,0,3,3
Bolelli S.,601.8342729204827,108,148,256
Popp T.,473.97820999290843,0,2,2
Hartfield D.,462.5561998032714,16,28,44
Montcourt M.,482.22814761004093,4,10,14
Becker B.,465.3546324146124,144,213,357
Lee M.,483.83081352881896,1,2,3
Baker J.,404.0508823094856,3,16,19
Haase R.,532.2507544411725,197,251,448
Sirianni J.,454.55821642397353,4,11,15
Zverev M.,476.8429646723448,130,186,316
Dorsch B.,463.7487121554997,0,3,3
Stadler S.,491.77340867490375,5,10,15
Granollers M.,529.3071188615066,187,235,422
Prpic A.,482.38549857385635,0,1,1
Roshardt R.,469.32232670506625,0,2,2
Vicente M.,483.6323003377256,0,1,1
Kutac R.,482.02784453579545,0,1,1
Alves T.,407.48871577055985,7,22,29
Levine J.,473.1227001721196,28,63,91
Sijsling I.,424.3840215057425,45,84,129
Darcis S.,517.1813694266458,83,105,188
De Bakker T.,490.1650190582188,50,77,127
Querrey S.,518.9139344230388,351,303,654
Junqueira D.,399.6359530051821,10,31,41
Patriarca D.,484.0,0,1,1
Haider-Mauer A.,496.3099985014761,1,2,3
Sandbichler A.,483.7594558976335,0,1,1
Yani M.,416.4220697619805,3,13,16
Cipolla F.,416.2392942588389,29,65,94
Belic L.,461.6450889081714,0,3,3
Ianni S.,492.228110533985,0,1,1
Panfil G.,479.30302091599106,0,1,1
King P.,454.09822388786233,1,4,5
Sweeting R.,551.1908437342353,31,56,87
Dev Varman S.,453.9490349858407,0,3,3
Polansky P.,423.77263046633726,11,38,49
Hajek J.,432.85827971291684,25,64,89
Russell M.,506.26131158956446,60,102,162
Yu X.Y.,459.7810586940759,0,2,2
Wang Y.Jr.,483.263693206478,0,1,1
Dolgopolov A.,465.02782009843236,0,3,3
Aranguren J.M.,469.32116536198544,0,2,2
Smit J.,482.70377725090077,0,1,1
Moser F.,484.0,0,1,1
Auckland J.,522.4908259791855,2,1,3
Economidis K.,399.9605785395198,1,9,10
Clemens T.,503.9492844444485,2,2,4
Troicki V.,519.9660647464652,255,244,499
Chaen T.,480.96511393438334,0,1,1
Schuttler P.,481.6820638017532,0,1,1
Kravchuk K.,381.44579043910954,7,25,32
Fish A.,487.52403412494914,0,1,1
Fischer M.,346.97467011138525,2,19,21
Reister J.,422.27557758067127,13,30,43
Gulbis E.,518.985960714351,213,225,438
Robredo R.,523.4328137364718,1,2,3
Giraldo S.,464.7645457433703,133,181,314
Jun W.,488.94245684786245,0,1,1
Rosol L.,508.5100507988112,106,148,254
Lacko L.,521.1468753185701,79,131,210
Dutra Silva R.,444.45012560920475,21,57,78
Andujar P.,504.39695549415234,153,230,383
Schwank E.,495.173783008933,33,59,92
Huta Galung J.,358.92866498643326,3,25,28
Guez D.,399.6582454987761,2,16,18
Echagaray B.,458.2002316959489,0,4,4
Fornell M.,479.2090959421173,0,1,1
Gensse A.,490.513901913721,1,3,4
Ward J.,362.15573629739714,13,50,63
Stepanek M.,496.2559738651244,0,1,1
Dustov F.,440.99424060602064,0,6,6
Chaki R.,475.78775531761437,0,2,2
Sousa P.,371.9867580275073,6,27,33
Brands D.,503.63888672413196,55,93,148
Bachinger M.,583.329409864275,31,54,85
Eysseric J.,448.3020439743171,0,4,4
Recouderc L.,423.0166024586178,3,12,15
Nielsen F.,378.6348672605545,0,10,10
Koning M.,494.16611372159286,0,1,1
Guzman J.,483.68386060872405,0,1,1
Guccione A.,491.05680850897454,1,2,3
Prpic F.,450.3344687973838,2,7,9
Goransson T.,464.5862251603196,0,2,2
Tveit E.,488.5261143475643,0,1,1
Isner J.,609.6399113038415,466,285,751
Levine I.,481.6091411372098,0,1,1
Nishikori K.,760.565247297766,400,192,592
Gonzalez M.,419.53346140913953,28,57,85
Riba P.,389.4944630392853,23,54,77
Ruevski P.,483.4473876782766,0,1,1
Olejniczak D.,462.2622244206027,0,3,3
Klizan M.,542.7973719484382,121,131,252
Anderson K.,614.8203520616372,332,242,574
Cuevas P.,526.1163289534678,204,206,410
McClune M.,490.6737755926874,0,1,1
Jun W.S.,440.6702024048309,1,6,7
Gard C.,485.94248496454514,0,1,1
Lindahl N.,436.2960769080965,1,8,9
Martin D.,492.9039844576292,0,1,1
Singh N.,484.46231098362136,0,1,1
Raja P.,482.8816615074477,0,1,1
Nam H.W.,461.2383650990511,0,2,2
Matsukevitch D.,483.3155658024423,1,3,4
Kamke T.,523.7759847849463,61,99,160
Youzhny A.,494.4778177218091,0,1,1
Golubev A.,460.3644232540056,48,102,150
Chekov P.,479.9415328632452,0,1,1
Kukushkin M.,474.0825063221192,138,202,340
Vardhan V.,474.8442092686524,0,2,2
Zovko L.,496.78363826670954,2,3,5
Kudryavtsev A.,455.85645331591854,5,14,19
Statham R.,484.4185148203841,0,1,1
Jones G.D.,483.52529439759223,0,1,1
Jones G.,462.16401081513095,1,6,7
Klein B.,448.31375365902363,3,10,13
Slanar M.,489.7165368124216,1,2,3
Podlipnik H.,481.4880151238493,0,2,2
Marrero D.,456.743245083631,3,6,9
Bellucci T.,482.6002925486832,170,198,368
Munoz de la Nava D.,485.8341808229076,0,1,1
Decoud S.,519.1806599054975,4,4,8
Bowles C.,485.00417554483727,0,1,1
Crugnola M.,480.54710478133495,0,3,3
Dodig I.,550.8548934640941,110,122,232
Smyczek T.,453.31423777264047,43,85,128
Rodriguez B.,482.86140315579775,0,1,1
Ramirez C.,468.2830558967583,0,3,3
Skugor F.,444.8142641219834,7,19,26
Kavcic B.,445.9441055878312,36,77,113
Cervenak P.,538.48467987777,5,4,9
Al-Ghareeb M.,495.1691023526533,0,1,1
Sousa J.,442.84039662567403,182,248,430
Elias G.,491.8612797963544,22,42,64
Harrison R.,551.7833002279614,109,153,262
Lopez-Jaen M.A.,509.91987308433386,1,2,3
Trujillo G.,507.44502586274064,1,1,2
Sanchez De Luna J.,481.8344917228675,0,2,2
Marrai M.,481.41453929652687,0,1,1
Del Potro J.,522.4382004085267,2,1,3
Fabbiano T.,456.41301431675566,26,62,88
Ouanna J.,517.5087299902609,9,17,26
Mannarino A.,554.3969805909119,284,332,616
Lipsky S.,480.88910038057224,0,1,1
De Voest R.,399.8146082321627,6,21,27
Evans D.,517.8336726326716,128,151,279
Berankis R.,553.4429648778425,97,142,239
Janowicz J.,646.3413406912332,77,81,158
Dimitrov G.,891.1578947232603,432,276,708
Middelkoop M.,485.75033533273773,0,1,1
Groth S.,514.6868628043001,33,56,89
Slabinsky A.,475.49399765988085,0,2,2
Kim K,495.10872474606026,0,1,1
Dabul B.,429.70322063646177,13,27,40
Van der Merwe I.,485.03748259656277,1,2,3
Eaton C.,503.17180026224935,1,1,2
Qureshi A.U.H.,477.09080670547695,1,4,5
Brizzi A.,480.52992817552223,0,1,1
Cruciat A.,467.42616044544064,0,2,2
O'Neal J.,478.7563699741205,0,1,1
Oswald P.,475.1350775082996,1,3,4
Mayer L.,479.35123103534875,163,185,348
Veic A.,421.9231842720709,9,21,30
Piccari F.,480.5995625131061,0,1,1
Estrella V.,494.8005020841287,0,1,1
Ignatik U.,486.9107053724682,0,1,1
Devvarman S.,430.8649423012894,44,66,110
De Heart R.,516.3731733185375,1,1,2
Ball C.,511.78845386396324,7,11,18
Krajicek A.,467.9749166272679,11,24,35
Djokovic M.,457.20194452815184,0,3,3
Xu J.C.,480.75578469033434,0,1,1
Bai Y.,489.9376689858976,2,6,8
Jouan R.,491.40281706495983,1,4,5
Sugita Y.,492.5216639385709,42,80,122
Kondo H.,480.8572364018408,0,1,1
Ito Y.,482.1485791220432,0,1,1
Ito T.,466.2033437945468,27,54,81
Donskoy E.,457.77587859993565,48,111,159
Lejnieks K.,508.2509831415875,1,1,2
Tomic B.,553.3426825705183,166,163,329
Statham J.,478.9964273568052,2,6,8
Ebelthite C.,483.6214042861276,0,1,1
De Chaunac S.,534.7805052831767,5,5,10
Klaasen R.,499.445900228867,4,4,8
Anderson A.,493.92872582745827,0,1,1
Mektic N.,435.7612044204616,1,7,8
Hocevar R.,433.6866652659596,0,5,5
Silva D.,479.49518205621644,0,1,1
Zampieri C.,491.2986947229725,1,2,3
Poerschke L.,479.802578218285,0,2,2
Munoz de La Nava D.,491.1028068288873,0,1,1
Marchenko I.,468.06806096211307,44,81,125
Bhambri Y.,475.8925813880489,11,23,34
Ziadi M.,445.0689132907045,0,4,4
El Amrani R.,487.06449446372386,2,4,6
Riba-Madrid P.,468.15182515509787,0,2,2
Krajinovic F.,549.2816429550064,110,120,230
Zlatanovic A.,481.5657422156344,0,1,1
Kloer S.,491.86970678205336,0,1,1
Rufin G.,547.5115061188545,16,26,42
Fleming C.,478.70100141732104,0,2,2
Zemlja G.,594.9408573784598,26,33,59
Ghedin R.,462.77637179588555,0,3,3
Zeballos H.,575.6686275978167,85,125,210
Munoz-De La Nava D.,451.9348066071464,8,19,27
Britton D.,479.65683256962274,0,3,3
Del Bonis F.,530.3543635986756,6,7,13
Agostinelli B.,480.42422753085873,0,1,1
Raonic M.,812.8317326816124,359,165,524
Ilhan M.,371.1822068906555,16,54,70
Buchanan C.,483.8523662800065,0,2,2
Luncanu P.A.,476.79810563348246,0,2,2
Copil M.,539.417841808671,47,80,127
Valent R.,487.69250159694246,0,1,1
Wachiramanowong K.,486.0835656935051,0,2,2
Gong M.X.,472.23757075696824,0,4,4
Biryukov M.,474.2339577473579,0,2,2
Kontinen H.,487.75223602596526,1,2,3
Millot V.,475.28153168006696,8,21,29
Vovk S.,482.8968965928872,0,1,1
Dolgopolov O.,717.4834451490514,206,183,389
Haider-Maurer A.,459.2117614473822,37,66,103
Bautista R.,859.4110182256974,128,84,212
Millman J.,586.5234184477036,110,139,249
Ebden M.,532.9005261901463,70,122,192
Yang T.H.,467.96499479682353,0,4,4
Sorensen L.,502.67632877595435,2,3,5
Maamoun K.,485.6709356634071,0,1,1
Lemke J.,491.0738218380738,0,1,1
Cervantes I.,475.28746115645777,17,32,49
Matosevic M.,501.22716426460715,58,89,147
Kubler J.,513.0126707423706,22,30,52
Sergeyev I.,513.8968592024195,1,1,2
Brown D.,572.1889860733347,62,93,155
Wolmarans F.,486.19834351151405,1,2,3
Van Der Merwe I.,537.5948289553708,6,4,10
Souza J.,409.7556709887497,23,45,68
Saavedra Corvalan C.,482.7689463861881,0,1,1
Jelenic P.,498.7245510819953,1,1,2
Bemelmans R.,475.5555591565452,21,49,70
Im K.T.,484.0342986113397,0,1,1
Deheart R.,482.61586071319914,0,2,2
Mertens Y.,481.744289531342,1,2,3
Niland C.,473.57672230855565,0,2,2
Ramos-Vinolas A.,467.24354824522453,202,245,447
Lajovic D.,666.6200349713185,178,228,406
Di Mauro A.,496.19567872863945,0,1,1
Krawietz K.,487.6934736363211,1,3,4
Gojowczyk P.,508.77055898251655,73,92,165
Mina G.,458.99946420437664,0,4,4
Paire B.,405.32288692714235,230,281,511
Emmrich M.,490.99086576853773,0,1,1
Alcaide G.,492.68799543546646,0,1,1
Kudla D.,464.0434461172184,70,131,201
Bubka S.,485.5710620981102,4,11,15
Dasnieres de Veigy J.,467.350402412736,1,5,6
Lindell C.,439.7120995180834,2,8,10
Knittel B.,486.31383664565806,1,4,5
Marti Y.,471.03889351078146,2,5,7
Sadecky A.,490.7783877476227,1,2,3
Velotti A.,446.222343041429,0,4,4
Johnson S.,527.1411564521078,187,199,386
Melzer G.,480.0594418685603,15,29,44
Duclos P.L.,497.4810150349371,1,3,4
Lojda D.,489.54254505414616,0,1,1
Klahn B.,417.8770734950823,13,43,56
Sock J.,571.0428849117291,167,138,305
Ungur A.,392.06347955429504,6,26,32
Zhang Z.,489.66701430028786,4,11,15
Wu D.,445.13665698962035,4,20,24
Belyaev I.,489.4241906602361,0,1,1
Schoorel T.,483.54408986944424,1,5,6
Muster T.,462.1615737934042,0,3,3
Marti J.,438.60104086982733,2,11,13
Goffin D.,684.4698844673514,302,235,537
Sabry S.,484.6084363245406,0,1,1
Venus M.,449.34610052048606,1,8,9
Scholtz N.,480.5537207265942,0,1,1
Rios F.,482.19546971647026,0,1,1
Bagnis F.,515.3755917494998,43,81,124
Romboli F.,478.9860786365046,0,1,1
Clezar G.,402.13379424347073,1,10,11
Kuznetsov Al.,415.05921353430597,5,16,21
Farah R.,501.4350485365151,3,6,9
Borvanov R.,487.48178129702256,0,1,1
Galdon P.,495.53011087393895,0,1,1
Kumantsov A.,485.66310524395516,0,1,1
Garza D.,452.0903485256822,0,4,4
Sanchez M.,465.2603490160204,0,2,2
Awadhy O.,490.36358558786424,0,1,1
Granollers Pujol G.,485.81381706665906,0,1,1
Kuznetsov An.,577.5874704735595,63,91,154
Gutierrez-Ferrol S.,497.6423854129127,2,2,4
Ramos A.,600.5085429270257,63,80,143
Carreno-Busta P.,569.7650570737976,39,65,104
Granollers-Pujol G.,475.619311681203,0,2,2
Teixeira M.,466.9532034604408,1,5,6
Stebe C.M.,531.1408214442265,26,42,68
Cox D.,434.0965814073177,0,5,5
Golding O.,455.9175416277678,0,3,3
Walter L.,480.8643698158619,0,1,1
De Schepper K.,449.6878501777582,24,61,85
Wang J.,509.76506262420656,8,13,21
Olaso G.,488.21092704198924,2,4,6
Kern R.,463.1790655188642,0,3,3
Kosakowski D.,489.56465228189535,1,2,3
Grigelis L.,486.09439169854926,0,1,1
Pavic M.,463.3583726276296,3,8,11
Delic M.,452.4819477115172,2,8,10
Thiem D.,535.7042464967719,321,197,518
Sitak A.,480.40779399367386,0,1,1
Chvojka E.,478.3842172446596,0,2,2
Pospisil V.,608.8819110177665,112,154,266
Jaziri M.,430.27737094791127,80,128,208
Dutra Da Silva R.,489.4800778625613,0,1,1
Giannessi A.,441.84019664555154,12,23,35
Torebko P.,469.3425699130865,0,2,2
Rodrigues M.,515.0636036912473,1,1,2
Renavand N.,511.656145085378,1,1,2
Li Z.,413.5173814550194,0,10,10
Zopp J.,474.69347556588656,14,29,43
Nedelko I.,474.48541124552565,0,2,2
Bedene A.,521.267579548138,123,150,273
Duckworth J.,513.1693918943319,63,104,167
Mitchell B.,443.5811358646026,0,5,5
Viola Mat.,479.3515885538303,0,2,2
Van D. Merwe I.,481.1427807117821,0,1,1
Mesaros K.,489.1928739924396,0,1,1
Marcan D.,481.49831026918304,0,2,2
Lajola D.,484.0,0,1,1
Kutrovsky D.,518.2802645259804,2,1,3
Strode B.,484.736306793522,0,1,1
Molteni A.,481.97916717022304,0,2,2
Olivetti A.,483.36804099455844,5,9,14
Cabal J.S.,484.6543137976451,0,1,1
Williams R.,434.786428127562,6,18,24
Delbonis F.,499.4943153557781,147,187,334
Idmbarek Y.,473.9898518828894,0,2,2
Brugues-Davi A.,488.8173491081614,1,3,4
Moraru G.,488.5698438037306,0,1,1
Balazs A.,547.2745714144523,16,16,32
Gomez-Herrera C.,485.337253592548,0,1,1
Broady L.,533.4616341375812,19,32,51
Fucsovics M.,631.423196714915,135,142,277
Menendez-Maceiras A.,438.0033651629398,6,18,24
Trungelliti M.,490.8272162094526,15,23,38
Trusendi W.,482.53019676247936,0,1,1
Viola M.,464.9503414894016,4,11,15
Ehrat S.,447.63526983598035,0,3,3
Laaksonen H.,459.65244354426324,35,62,97
Meister N.,491.4144841718353,0,1,1
Mcclune M.,506.6979075492802,1,1,2
Andreozzi G.,461.7238485291453,12,28,40
Moriya H.,477.8436719081328,3,11,14
Pella G.,533.0831572338354,114,138,252
Authom M.,469.21732418752106,0,2,2
Novikov D.,476.6495976035527,5,11,16
Reix C.,512.8715460880762,1,1,2
Vasilevski A.,483.18559208998494,0,1,1
Betov S.,481.2527469996167,0,1,1
Fidirko N.,482.52374493289517,0,1,1
Siriluethaiwattana P.,489.5325994934372,0,1,1
Deen Heshaam A.,484.7842218169486,0,1,1
Davydenko P.,494.82414598016317,1,2,3
Singh S.,492.3511785107179,0,1,1
Rosenholm P.,510.23355931512344,1,2,3
Stebe C-M.,515.6857337043836,1,1,2
Zayed M. S.,495.09105015893795,0,1,1
Safwat M.,410.5226739116789,1,12,13
Smith J.P.,379.3169765606701,5,22,27
Saville L.,459.0869574477708,2,7,9
Weintraub A.,461.0013030806003,1,4,5
Pouille L.,543.5703628301688,131,127,258
Alund M.,538.2131671360581,7,10,17
Garin C.,653.2740923090861,113,96,209
Schwartzman D.,494.2044588130272,234,202,436
Veger F.,488.4752526018091,0,1,1
Reyes-Varela M.A.,474.45461999051247,0,2,2
Rachidi Y.,483.0838951769685,0,1,1
Arguello F.,376.72717526007233,1,15,16
Granollers G.,482.8215899263969,0,1,1
Carballes Baena R.,593.5786970569164,113,142,255
Struff J.L.,751.7270478271828,195,224,419
Desein N.,461.50460523067795,0,3,3
Cecchinato M.,507.2329964606554,74,126,200
Kyrgios N.,919.0071780482531,186,93,279
Vesely J.,572.2610628825157,131,147,278
Basic M.,493.2691324731169,19,28,47
Corrie E.,486.1380305011286,0,1,1
Edmund K.,549.7392198608121,109,115,224
Reid M.,492.8752765860503,0,1,1
Ymer E.,453.1112919000992,25,61,86
Eriksson M.,439.9589066656577,0,4,4
Kozlov S.,467.5157159978948,9,25,34
Pavic A.,461.86861665608615,3,10,13
Bossel A.,471.01054521893496,0,2,2
Langer N.,499.1059975480221,1,2,3
Ward A.,462.5503003910171,0,4,4
Gonzalez A.,379.001630359283,10,34,44
Salamanca C.,486.48672482701767,0,1,1
Estrella Burgos V.,427.7458368117863,45,59,104
Barrientos N.,428.9658113153801,0,4,4
Londero J.I.,460.76135324045515,34,49,83
Struvay E.,469.56594747307633,0,2,2
Gomez E.,454.9974331018267,7,19,26
Zverev A.,983.2875320222997,423,180,603
King K.,464.03019135185525,1,6,7
Harrison C.,529.4830402463182,6,8,14
Westerhof B.,483.65646442905,0,1,1
Topic J.,491.339463406759,0,1,1
Coric B.,554.4856685411025,192,173,365
Setkic A.,458.0813431834867,0,3,3
Novak D.,406.24250260754826,15,43,58
Peliwo F.,469.3917814433516,1,4,5
Bogaerts R.,486.4611623220557,0,1,1
Herbert P.H.,569.6865338008467,89,117,206
Karatsev A.,590.3188399439678,76,82,158
Inglot D.,494.9626948852422,0,1,1
Djere L.,602.5813465700085,129,138,267
Trongcharoenchaikul W.,488.3054007349408,0,1,1
Jeong S.Y.,490.7541435055406,0,1,1
Chung H.,694.7239826755153,68,65,133
Khachanov K.,809.1288755353867,255,189,444
Nedovyesov O.,483.7716903673544,0,1,1
Sekulic M.,482.54751900498763,0,1,1
Mecir M.,483.70307805163947,1,3,4
Kokkinakis T.,686.3319329317405,67,80,147
Nedunchezhiyan J.,481.24532792314034,0,1,1
Ramanathan R.,410.6083431572293,14,27,41
Albot R.,494.360240156549,86,136,222
Nedovyesov A.,451.5300107609807,4,15,19
Hossam K.,496.6503075574429,0,1,1
Struff J-L.,496.2581145710624,0,1,1
Dzumhur D.,482.45161772537983,101,123,224
Thompson J.,788.0836176286081,131,149,280
Rola B.,455.0767567923414,8,17,25
Artunedo Martinavarro A.,483.9404492230075,0,1,1
Daniel T.,469.2169634041784,75,139,214
Lama G.,437.9867261377761,0,4,4
Krstin P.,471.9136926499364,1,4,5
Hank T.,463.9611274921136,0,3,3
Khaddari H.,485.03031689635793,0,1,1
Ciorcila P.,486.85059567578,0,1,1
Basilashvili N.,480.0003154166742,131,155,286
Travaglia S.,463.4281221519246,25,52,77
Milojevic N.,513.7028926961741,6,8,14
Vaisse M.,489.1509862065873,0,1,1
Michon A.,507.4358077330581,1,1,2
Arnaboldi A.,477.604921329419,4,10,14
Lokoli L.,411.9940992541022,0,8,8
Coppejans K.,416.8392041686927,1,12,13
Puetz T.,500.7880392333038,1,2,3
Smethurst D.,495.7929345738506,0,1,1
Olivo R.,473.51402247954775,22,32,54
Thompson C.,485.0871716716472,0,1,1
Krueger M.,456.21117599535165,8,22,30
Diez S.,445.2864247098269,1,7,8
Pasha N.,485.2246333820613,0,1,1
De Paula F.,483.38274884583706,0,1,1
Galovic V.,474.63572734154855,2,5,7
Donaldson J.,576.4193147869838,44,62,106
Tiafoe F.,719.6736009085869,191,176,367
Schnur B.,402.55119544262953,3,15,18
Rubin N.,449.6354201910485,7,20,27
Giron M.,688.2214955138279,100,117,217
Mcgee J.,458.22588547618574,0,3,3
Kohlschreiber P..,516.0886287631909,1,0,1
Jasika O.,487.45841606876036,1,4,5
Takeuchi K.,481.9834267447571,0,1,1
Burquier G.,489.3995894627172,0,1,1
Gao X.,481.7455184935807,0,1,1
Ouyang B.,488.99584614450185,0,1,1
Gerasimov E.,543.5932695986133,44,51,95
Herbert P-H.,483.3058787107353,0,1,1
Wang C.,511.96218032281905,1,1,2
Rublev A.,749.5059815537701,304,172,476
Baluda V.,492.33092763367307,0,1,1
Gombos N.,492.9737586458005,21,45,66
Vanni L.,419.3216830632394,5,17,22
Prashanth V.,485.2089996246291,0,1,1
Jarry N.,630.1209837924716,97,96,193
Escobar G.,466.8782616928263,0,2,2
Androic T.,478.35649640451015,0,2,2
Quigley E.,486.71763739163623,0,1,1
Nishioka Y.,690.5142695016375,123,131,254
Martin F.,481.7485889176583,0,1,1
Bolt A.,536.7410198875648,16,31,47
De Greef A.,497.3828981321044,3,5,8
Munar J.,521.4587978218574,86,125,211
Giustino L.,451.25608698209504,1,7,8
Silva F.,482.0553219294413,0,2,2
Lestienne C.,425.53228083994844,16,36,52
Vega Hernandez D.,483.1444704821677,0,1,1
Ilkel C.,410.1921389818737,3,17,20
Trinker B.,507.5662626832326,1,2,3
Donati M.,518.966328951704,1,1,2
Gaio F.,409.8496040868408,3,15,18
Hamou M.,471.4887293539853,0,3,3
Halys Q.,597.2717527516389,34,61,95
Gigounon G.,496.6578032554848,0,1,1
Marterer M.,454.9289316178986,36,76,112
Fritz T.,902.0747122094714,256,177,433
Demoliner M.,497.541311149946,1,1,2
Sarkissian A.,482.38186039207494,2,4,6
Galan D.E.,461.71997096505055,40,64,104
Gomez A.,507.04621478271395,1,1,2
Trevisan M.,481.38723973860135,0,1,1
Hemery C.,433.8913200143371,2,9,11
King D.,460.50502253341836,3,9,12
Fratangelo B.,488.7070861183949,21,40,61
Herbert P.H,597.7666193085022,8,7,15
Paul T.,829.0035900289955,161,118,279
Shane R.,493.224007542721,0,1,1
Shyla Y.,488.1827251842771,0,1,1
Uchiyama Y.,472.84338642639676,11,25,36
Niki T.,484.07645133716,0,1,1
Zhang Ze,447.5193456122529,1,10,11
Zhang Zh.,629.9737246955648,49,52,101
Ymer M.,626.0650575969969,57,70,127
Miedler L.,465.35670015364775,0,3,3
Anderson O.,488.04446745823765,0,1,1
Kovalik J.,528.5140566371298,26,46,72
Zayid M. S.,492.4978321585208,0,1,1
Tearney F.,479.69354996585656,0,2,2
Barton M.,554.2705104672929,4,4,8
Lazov A.,488.18244540848434,0,1,1
Kuzmanov D.,431.80063173686744,2,9,11
Mmoh M.,639.813899150289,28,37,65
Monteiro T.,551.9026304138812,76,111,187
Patino L.,487.82723030307875,0,1,1
Gomez L.,446.326203679534,0,6,6
Mcdonald M.,562.1699608999398,98,122,220
Kicker N.,500.49012094032514,18,27,45
Opelka R.,624.0050844668114,92,85,177
Munoz De La Nava D.,428.61596455945494,1,7,8
Ahouda A.,481.47334156485135,1,3,4
Carreno Busta P.,694.0660240467291,210,136,346
Bautista Agut R.,678.7295823724818,250,165,415
Cachin P.,464.77575452573785,24,46,70
Linzer M.,473.84335475280614,0,2,2
Caruso S.,421.11009582746794,19,43,62
Sonego L.,616.242303700807,136,148,284
Ortega-Olmedo R.,488.25746447084975,0,1,1
Medvedev D.,942.1884166870218,342,142,484
Pavlasek A.,496.7644773672843,5,9,14
Samper-Montana J.,474.5920790803977,0,2,2
Bourgue M.,478.06088973468593,1,5,6
Barrere G.,536.8384728248589,38,63,101
Escobedo E.,451.76913772676335,19,39,58
Willis M.,515.1774817112474,1,1,2
Lamasine T.,498.38099938694506,3,6,9
Arvidsson I.,487.5489738187449,0,1,1
Simonsson F.,484.0,0,1,1
Soderlund C.,506.5976040775604,1,1,2
Satral J.,504.99918712233597,1,2,3
Mertl J.,506.85321942494556,1,1,2
Nikles J.,473.75828769615845,1,3,4
Bellier A.,522.7343046626698,4,5,9
Santillan A.,435.48369000761386,2,7,9
Cacic N.,508.83334158572086,1,1,2
Serdarusic N.,429.0419193454695,1,8,9
Lopez-Perez E.,493.76728483688964,0,1,1
Shapovalov D.,716.8777641696078,183,154,337
Eubanks C.,554.5201481390943,40,60,100
Van Rijthoven T.,571.535986189216,10,9,19
Myneni S.,481.8671183457365,0,2,2
Ivashka I.,560.8739939189115,75,81,156
Bublik A.,631.086599288852,135,132,267
Ruud C.,770.3552061935724,221,124,345
Whittington A.,502.7810137002701,2,3,5
Maden Y.,492.7320014104684,9,17,26
De Loore J.,476.4195776443624,0,2,2
De Minaur A.,902.9291954888326,209,135,344
Yuksel A.,492.6782825891189,0,1,1
Zayid M.S.,490.03087186890326,0,1,1
O'Connell C.,479.49958586339307,0,3,3
Mott B.,483.58892462447153,0,2,2
Lazarov A.,468.76025409654767,1,4,5
Tepavac M.,490.0711175927015,0,1,1
Griekspoor T.,722.5199571990004,78,76,154
Tsitsipas S.,810.969854807578,307,154,461
Luz O.,483.948418241964,0,1,1
Sandgren T.,495.36879538207,42,74,116
Quinzi G.,505.24260107717527,1,1,2
Silva F.F.,494.7483204721838,1,2,3
Domingues J.,510.7964175088524,4,6,10
Bellotti R.,479.4364313478344,0,1,1
Masur D.,467.5306984127731,1,5,6
Hanfmann Y.,620.2758874461177,69,77,146
Berrettini M.,789.7541107644927,169,87,256
Napolitano S.,484.2890705345002,3,7,10
Altmaier D.,503.2310163993468,41,79,120
Marcora R.,507.7817166358249,3,4,7
Del Potro J. M.,520.4948933011569,1,1,2
Muller A.,582.2682684860916,28,39,67
Bonzi B.,631.1482541474824,44,52,96
Jung J.,485.9702477679649,10,20,30
Norrie C.,679.9153144508474,190,139,329
Harris L.,547.2551756405772,61,72,133
Majchrzak K.,550.1044911992929,18,29,47
Ofner S.,565.4514623638149,37,47,84
Kwiatkowski T.S.,426.89257713508755,0,7,7
Polmans M.,439.6825039919889,6,17,23
Zekic M.,500.12538401630263,1,2,3
Sakharov G.,487.2501559489034,1,3,4
Molleker R.,474.77591252911697,5,13,18
Hernandez-Fernandez J.,490.9309229385375,0,1,1
King E.,493.8273013836466,1,3,4
Halebian A.,485.6823349890053,0,1,1
Bangoura S.,484.843258314551,0,1,1
Leshem E.,497.1299229809084,1,2,3
Bega A.,486.80997019243694,0,1,1
Chrysochos P.,488.81947140046174,0,1,1
Koepfer D.,573.3497693115836,52,68,120
Aragone J.,480.44200770769794,0,2,2
Blancaneaux G.,438.1933296186185,0,6,6
Kypson P.,486.47080707569916,3,6,9
Safranek V.,487.2463110159482,0,2,2
Tyurnev E.,495.5831451727891,0,1,1
Wu Y.,616.376501941929,18,22,40
Kuhn N.,460.21520226368654,2,8,10
Takahashi Y.,489.219880314768,0,1,1
Safiullin R.,607.6770517061079,45,54,99
Ojeda Lara R.,518.9130267651167,3,3,6
Nagal S.,418.2859057191541,8,29,37
Kadhe A.,440.15057538599933,0,4,4
Caruana L.,490.8252551764417,0,1,1
Popyrin A.,728.2346679499732,81,109,190
Vukic A.,667.9163150570912,42,52,94
Moutet C.,551.0478406163395,60,85,145
Kwon S.W.,592.9929890334907,55,61,116
Taberner C.,471.0347291731508,12,24,36
Quiroz R.,511.9222647665433,3,3,6
Donski A.,489.7099075013176,0,1,1
Andreev A.,482.80395615429757,2,5,7
Korda S.,816.6465554853911,116,75,191
Auger-Aliassime F.,666.2991803702738,189,132,321
Gaston H.,557.0904397049478,38,52,90
Seyboth Wild T.,606.8214063543063,31,40,71
Kecmanovic M.,626.277249692506,132,136,268
Vatutin A.,444.36759187053093,2,7,9
Martinez P.,545.6256976258258,66,87,153
Catarina L.,466.7746481590993,0,4,4
Hurkacz H.,858.3490042461026,190,122,312
Piros Z.,480.12292756365,1,3,4
Baldi F.,463.43662857178174,0,3,3
Zapata Miralles B.,446.1828594120004,31,59,90
Coria F.,476.19819875398247,48,70,118
Hernandez-Fernandez J,482.9199126927305,0,1,1
Horansky F.,442.87684682129566,1,7,8
Benchetrit E.,445.51230857141155,1,8,9
Janvier M.,447.8168938194561,0,6,6
Otte O.,507.6697873955684,31,45,76
Purcell M.,568.5457709104455,30,48,78
Gunneswaran P.,421.13530756393214,7,21,28
Clarke J.,426.11178994742005,2,11,13
Kolar Z.,496.3411787915269,1,3,4
Reinberg E.,482.66010132042703,0,1,1
Roca Batalla O.,497.5382973492542,1,2,3
Huesler M.A.,425.6208412557589,24,45,69
Rodionov J.,516.2938857741735,12,20,32
Garanganga T.,484.4564116946444,0,1,1
Arevalo M.,473.1067679591022,0,2,2
Watanuki Y.,569.7864448836583,13,18,31
Gojo B.,522.5655203022135,8,16,24
Humbert U.,792.7553521261636,127,116,243
Altamirano C.,484.0,0,1,1
Brooksby J.,673.6810250074086,43,33,76
Tseng C.H.,440.93771216552636,2,9,11
Karlovskiy E.,488.1622720412474,0,1,1
Hoang A.,490.29928992690077,6,13,19
Dellien H.,412.8813177279826,21,52,73
Lopez Villasenor G.,450.4594421001125,0,4,4
Sakamoto P.,489.40045956129285,0,1,1
Davidovich Fokina A.,601.468929819827,107,108,215
Sinner J.,1213.627462298273,240,73,313
Valkusz M.,473.456741937652,1,3,4
Basso A.,495.4174250619696,0,1,1
Moraing M.,510.00461035370193,1,2,3
Aragone JC,488.1264694696691,0,1,1
Celikbilek A.,511.62904809569415,4,5,9
Kirkin E.,482.03234391022795,0,2,2
Jubb P.,500.0010930689679,3,6,9
Moroni G.,508.5311004876217,1,1,2
Lenz J.,488.5109212082584,0,2,2
Torpegaard M.,483.2979686312504,1,3,4
Lee D.H.,510.3628121351434,1,1,2
Monteiro J.,484.5921009380672,0,1,1
Sarmiento R.,491.99083285643746,0,1,1
Svajda Z.,457.36760296832244,6,16,22
Roumane R.,489.63039786767297,0,1,1
Zhang Ze.,485.30539521584797,0,2,2
Dubrivnyy A.,488.8342412629642,0,1,1
Kachmazov A.,523.859129510016,4,5,9
Avidzba A.,499.60599776406457,1,1,2
Mager G.,512.1448254535021,24,34,58
Harris A.,506.7315042792458,1,2,3
Vilella Martinez M.,536.0694351411539,4,5,9
Tabilo A.,676.4934679544244,50,45,95
Ficovich J.P.,498.9112232874681,1,2,3
Ruusuvuori E.,667.6309260261093,93,93,186
Couacaud E.,465.06232595895875,2,9,11
Mukund S.,455.70736879919093,0,3,3
Diaz Acosta F.,545.8496799692086,18,22,40
Cerundolo F.,664.9885259029095,88,78,166
Petrovic D.,497.9290917510133,2,3,5
Nakashima B.,626.8242983131763,84,79,163
Mayot H.,489.5712921361386,7,12,19
Alcaraz C.,1021.1988785966391,187,51,238
Meligeni Rodrigues F,485.91632802063435,0,2,2
Musetti L.,746.1455549799093,117,94,211
Barrios Vera M.T.,497.430181469108,1,1,2
Varillas J.P.,509.54171467693584,16,23,39
Wolf J.J.,520.8523826575246,45,52,97
Cressy M.,465.5483390613936,43,57,100
Blanch U.,493.68895083997757,0,1,1
O Connell C.,585.8726052765136,45,66,111
Machac T.,820.6925889821501,39,32,71
Rinderknech A.,603.734482540516,67,75,142
Galan D.,538.8741944695255,2,1,3
Zeppieri G.,480.0646075681058,6,14,20
Pellegrino A.,473.43704476280124,0,2,2
Kotov P.,559.2990687120189,35,43,78
Nardi L.,445.05405863369816,6,21,27
Bergs Z.,588.7177252989271,17,27,44
Popko D.,477.7675632549911,0,2,2
Skatov T.,495.8601308489742,3,8,11
Sachko V.,446.3902428432057,0,5,5
Forejtek J.,515.712699924863,1,1,2
Zuk K.,458.17017888520365,0,3,3
Molcan A.,621.7369169206471,44,41,85
Grenier H.,457.86542455257637,7,16,23
Vrbensky M.,490.8368137578834,0,1,1
Nam J.S.,463.14727757577566,0,3,3
Etcheverry T.,632.6524083646517,57,69,126
Aragone J.C.,486.8785427013663,0,1,1
Sweeny D.,492.2995655903379,2,4,6
Fancutt T.,486.3582489715834,0,1,1
Van De Zandschulp B.,586.7829683815382,79,82,161
Schoolkate T.,471.4692273191959,1,4,5
Bourchier H.,510.8532900466981,1,1,2
Ferreira Silva F.,484.6013328042097,0,2,2
Cerundolo J.M.,514.6219038812457,16,21,37
Menezes J.,488.6358529947804,0,1,1
Barrios M.,478.54529067821056,5,10,15
Mochizuki S.,426.06931440774116,3,16,19
Tirante T.A.,534.9380610321963,8,9,17
Klein L.,543.6172082705154,10,14,24
Rune H.,842.4220923084656,126,78,204
Tsitsipas P.,490.55984321315964,0,1,1
Varillas J. P.,556.5136186233788,9,10,19
Baez S.,605.4028869341062,82,75,157
Nava E.,432.1377219430553,3,16,19
Borges N.,654.3504803706024,36,47,83
Cazaux A.,554.5560288303135,11,18,29
Stricker D.,625.3285468098572,19,19,38
Topo M.,439.706905608285,0,5,5
Medjedovic H.,589.5164574345489,14,18,32
Cobolli F.,746.927590520277,38,34,72
Brancaccio R.,484.14074799353057,0,1,1
Draper J.,918.8340008219633,73,38,111
Gray A.,498.63832976322533,1,2,3
Kopriva V.,462.6819486217742,5,11,16
Riedi L.,495.00950052648335,2,6,8
Mejia N.,470.54411824118233,0,2,2
Ajdukovic D.,492.63543403760593,4,8,12
Collarini A.,467.14264052241106,0,2,2
Bryde T.,488.2399850986049,0,1,1
Neumayer L.,489.11232110944184,1,2,3
Erler A.,509.69960567267213,1,1,2
Wu T.L.,483.1359565057852,1,4,5
Riffice S.,492.50431474378155,0,1,1
Holmgren A.,493.2134376928584,0,1,1
Tiurnev E.,490.43633143732603,0,1,1
Oliel Y.,473.63213834348545,0,2,2
Borg L.,463.92854067720936,1,6,7
Vavassori A.,543.9075353500208,8,11,19
Durasovic V.,487.23709485874264,0,2,2
Hijikata R.,553.0776816120064,25,36,61
Lehecka J.,790.8358056824703,64,52,116
Moroni G.M.,466.1181975222375,0,2,2
Shang J.,683.3178873735806,30,27,57
Pucinelli de Almeida M.,502.41689380756924,1,1,2
Brouwer G.,551.7921581363244,12,14,26
Alvarez Varona N.,500.29787848934023,1,2,3
Guinard M.,491.1960982610986,3,6,9
Rehberg M.,457.21956712817905,0,4,4
Gimeno Valero C.,495.3272007060552,0,1,1
Passaro F.,460.82680084464926,5,11,16
Arnaldi M.,666.841898972618,41,39,80
Ugo Carabelli C.,477.20462421275636,4,9,13
Rodriguez Taverna S.,496.07545090148545,0,1,1
Agamenone F.,549.2273218980158,3,2,5
Tseng C. H.,476.1227823318362,2,7,9
De Jong J.,492.55614120415675,2,8,10
Peniston R.,530.8612446875651,6,7,13
Ritschard A.,488.9595492867812,3,7,10
Blumberg W.,489.03272854918987,0,1,1
Shelton B.,762.1044783736293,66,51,117
Misolic F.,536.4954177741618,8,9,17
Dutra Da Silva D.,484.0,0,1,1
Casanova H.,484.37700710626274,0,1,1
Shevchenko A.,609.30130414778,37,43,80
Gakhov I.,500.6207335876379,1,3,4
Poljicak M.,474.0699742996649,0,2,2
Chappell N.,468.50050854523806,0,2,2
Villanueva G.,488.2083976077481,0,1,1
Uchida K.,493.1840069677961,1,3,4
Galarneau A.,489.79798478019535,0,2,2
Pervolarakis M.,490.58293123636207,0,1,1
Holt B.,464.0711526687999,2,7,9
Tien L.,520.2313184268972,3,5,8
Furness E.,491.5208127072521,0,1,1
Mena F.,478.57651555679433,0,1,1
Kovacevic A.,471.1454321945472,16,32,48
Hong S.,504.987038088877,2,3,5
Chung Y.,474.357400897415,0,2,2
Madaras D.,474.7185109328943,0,2,2
Zhukayev B.,489.4184892984532,2,5,7
Noguchi R.,505.7020998796817,1,1,2
Shimabukuro S.,485.1939635926695,2,6,8
Shimizu Y.,482.33591725191656,0,1,1
Maestrelli F.,487.61916269067666,0,1,1
Van Assche L.,482.5337122429924,16,34,50
Bailly G.,473.77931807316264,0,2,2
Geerts M.,493.8062559631988,0,1,1
Fils A.,773.1226459440581,50,39,89
Pannu K.,465.9431298346888,0,3,3
Svrcina D.,501.5026132328702,2,3,5
Bellucci M.,521.4354812419892,5,9,14
Krutykh O.,463.1678448440401,0,3,3
Hsu Y.,546.8737742067602,3,3,6
Darderi L.,527.0580397432661,25,27,52
Rybakov A.,490.549992991338,0,1,1
Diallo G.,572.1685066476404,8,11,19
Chidekh C.,481.6717089061228,0,1,1
Pecotic M.,511.7992411641743,1,1,2
Shelbayh A.,450.1440799465146,2,8,10
Fonseca J.,509.4606580863329,5,7,12
Alves M.,498.4412130606792,0,1,1
Pacheco Mendez R.,463.8603990931083,0,4,4
Berrettini J.,495.18980557000793,0,1,1
Bonadio R.,491.74413066629586,1,2,3
Meligeni Alves F.,487.80912676662444,3,6,9
Rocha H.,486.5166396938096,1,3,4
Lalami Laaroussi Y.,484.00634769404144,0,1,1
Moundir A.,483.23123417598913,0,1,1
Vacherot V.,463.4710585296241,0,4,4
Rincon D.,464.3990111881909,0,3,3
Prizmic D.,499.34486673064447,3,5,8
Landaluce M.,461.7097398136381,1,5,6
Marozsan F.,647.5250704941853,33,33,66
Lopez San Martin A.,488.3490458848249,0,1,1
Llamas Ruiz P.,535.5425690554397,4,4,8
Mpetshi G.,667.674551629404,18,15,33
Olivieri G.,530.9306827403275,2,1,3
Wessels L.,492.1126980823263,0,1,1
Choinski J.,475.858674631652,2,7,9
Loffhagen G.,481.55517832190856,0,2,2
Tu L.,441.1717116800433,1,7,8
Michelsen A.,692.7482356576323,38,34,72
Fery A.,483.68200759927237,0,2,2
Virtanen O.,501.2946561940445,3,7,10
Quinn E.,453.8161427048673,2,6,8
Kumar O.,501.1917383032676,2,3,5
Mansouri S.,493.94903180090904,0,1,1
Kirchheimer S.,476.55067218649606,0,2,2
Mensik J.,742.3149197403984,25,14,39
Droguet T.,486.8206104087289,1,3,4
Moreno De Alboran N.,496.0328313890038,6,11,17
Mu T.,485.737534845556,0,1,1
Cui J.,485.9904055194147,0,1,1
Sekulic P.,498.64292593919265,1,2,3
Lock B.,487.8859506982496,0,1,1
Atmane T.,481.3930364927504,3,9,12
Li Zh.,484.4851899620317,0,1,1
Zhou Y.,456.7388775204016,0,5,5
Mo Y.,492.2474265792516,0,1,1
Te R.,487.44842151335035,0,1,1
Yevseyev D.,493.42441704594023,1,3,4
Bu Y.,598.4733028503697,8,7,15
Lajal M.,507.14856037065135,1,2,3
Blockx A.,477.5666223210602,0,2,2
Friberg K.,488.82669762182695,0,1,1
Hassan B.,455.5564060325102,0,4,4
Martineau M.,481.4000381868736,0,2,2
Harris B.,517.0661102082471,7,7,14
Wong C.,439.3200203232286,0,7,7
Walton A.,423.5475902471207,3,12,15
Mccabe J.,449.5309033369272,0,4,4
Escoffier A.,484.909241554151,0,1,1
Blanchet U.,495.32946993319837,1,2,3
Gomez F.,482.3361929719509,1,3,4
Navone M.,515.3738202301895,17,24,41
Burruchaga R.,485.1922080160084,1,3,4
Comesana F.,522.194089870071,4,7,11
Neff A.,491.1050444560621,0,1,1
Heide G.,493.9357025161318,2,4,6
Blanch D.,486.6199668866068,0,2,2
Damm M.,511.4322236416607,1,1,2
Jorda Sanchis D.,501.27796735219886,1,1,2
Faria J.,468.26267289156914,0,2,2
Dougaz A.,486.14890695760687,0,1,1
Hardt N.,494.7226093508104,1,2,3
Moro Canas A.,486.3129178653566,1,3,4
Gigante M.,506.51950010577474,1,1,2
Sanchez Izquierdo N.,490.9722214106418,0,1,1
Barranco Cosano J.,489.2072856200878,0,1,1
Fanselow S.,489.21031574558026,0,1,1
Squire H.,493.7248302403016,1,3,4
Fearnley J.,512.7345508954587,2,3,5
Hussey G.,511.46882996761343,1,1,2
Searle H.,479.85668624935477,0,2,2
Broom C.,474.68785724006324,0,2,2
Spizzirri E.,493.23253403052956,1,2,3
Schwaerzler J.,485.78296630322734,0,2,2
Mikrut L.,483.27844698305836,0,1,1
Dodig M.,505.40606166624644,1,1,2
Kasnikowski M.,486.9610930090474,0,1,1
Jacquet K.,497.0192851431393,0,1,1
Forbes M.,487.36422199567244,0,1,1
Sun F.,488.14480864816284,0,1,1
Engel J.,504.2983751678498,1,1,2
Collignon R.,490.9737401081518,0,1,1
Kym J.,492.93961823510807,0,1,1
Djuric B.,482.4723516639972,0,1,1
Papamalamis T.,488.01308331199056,0,1,1
Basavareddy N.,494.8059324406447,0,1,1
